{
    "Name" : "Field", "Objects" : [
        {
            "Color" : {
                "a" : 1.0,
                "b" : 0.3446991443634033,
                "g" : 0.3446991443634033,
                "r" : 0.46568626165390015
            },
            "ModelName" : "cube",
            "Name" : "cube",
            "Position" : {"x" : -16.399999618530273, "y" : 1.0, "z" : 0.0},
            "RotationAngle" : 0.0,
            "RotationAxis" : {"x" : 0.0, "y" : 0.0, "z" : 0.0},
            "Scale" : {"x" : 1.0, "y" : 1.0, "z" : 1.0}
        },
        {
            "Color" : {
                "a" : 1.0,
                "b" : 0.08722608536481857,
                "g" : 0.08722608536481857,
                "r" : 0.8088235259056091
            },
            "ModelName" : "plane",
            "Name" : "object1",
            "Position" : {"x" : -9.600000381469727, "y" : 0.800000011920929, "z" : 0.0},
            "RotationAngle" : 0.0,
            "RotationAxis" : {"x" : 0.0, "y" : 0.0, "z" : 0.0},
            "Scale" : {"x" : 1.0, "y" : 1.0, "z" : 1.0}
        },
        {
            "Color" : {
                "a" : 1.0,
                "b" : 0.3250199258327484,
                "g" : 0.7598038911819458,
                "r" : 0.2122981697320938
            },
            "ModelName" : "plane",
            "Name" : "object2",
            "Position" : {"x" : -1.600000023841858, "y" : 0.0, "z" : 0.0},
            "RotationAngle" : 0.0,
            "RotationAxis" : {"x" : 0.0, "y" : 0.0, "z" : 0.0},
            "Scale" : {"x" : 25.100000381469727, "y" : 1.0, "z" : 16.5}
        },
        {
            "Color" : {
                "a" : 1.0,
                "b" : 0.4901960492134094,
                "g" : 0.2770427167415619,
                "r" : 0.21145710349082947
            },
            "ModelName" : "sphere",
            "Name" : "object1",
            "Position" : {
                "x" : -13.399999618530273,
                "y" : 1.600000023841858,
                "z" : -1.2000000476837158
            },
            "RotationAngle" : 0.0,
            "RotationAxis" : {"x" : 0.0, "y" : 0.0, "z" : 0.0},
            "Scale" : {"x" : 1.0, "y" : 1.0, "z" : 1.0}
        }
    ]
}