{
    "Name" : "Field", "Objects" : [ {
        "Color" : {
            "a" : 1.0,
            "b" : 0.3446991443634033,
            "g" : 0.3446991443634033,
            "r" : 0.46568626165390015
        },
        "ModelName" : "cube",
        "Name" : "cube",
        "Position" : {"x" : 0.0, "y" : 0.0, "z" : 0.0},
        "RotationAngle" : 0.0,
        "RotationAxis" : {"x" : 0.0, "y" : 0.0, "z" : 0.0},
        "Scale" : {"x" : 1.0, "y" : 1.0, "z" : 1.0}
    } ]
}
