{"Name":"Field","Objects":[{"Color":{"a":1.0,"b":0.037245310842990875,"g":0.037245310842990875,"r":0.7598038911819458},"ModelName":"long_cube","Name":"red_weird_box","Position":{"x":0.0,"y":0.0,"z":0.0},"RotationAngle":352.0,"RotationAxis":{"x":0.5099999904632568,"y":0.7400000095367432,"z":0.3400000035762787},"Scale":{"x":1.7000000476837158,"y":8.699999809265137,"z":5.5}}]}